pointIndex,x,y
0,0.18825301204819278,0.945281124497992
1,0.19578313253012047,0.9412650602409639
2,0.20356425702811243,0.9352409638554217
3,0.20883534136546184,0.9367469879518072
4,0.20230923694779115,0.9282128514056224
5,0.2032574743418117,0.9204038375725122
6,0.21887550200803213,0.9347389558232931
7,0.21168005354752342,0.9133199464524765
8,0.19578313253012047,0.9267068273092369
