pointIndex,x,y
0,0.33684738955823296,0.07228915662650603
1,0.3369728915662651,0.06381777108433737
2,0.34036144578313254,0.06024096385542166
3,0.3463855421686747,0.05923694779116462
4,0.3426204819277109,0.04668674698795183
